recognizer,kind,bin_left,bin_right,density
facenet,genuine,-0.2,-0.17,0.01167
facenet,genuine,-0.17,-0.14,0.0
facenet,genuine,-0.14,-0.11,0.0
facenet,genuine,-0.11,-0.08,0.02334
facenet,genuine,-0.08,-0.05,0.05836
facenet,genuine,-0.05,-0.02,0.03501
facenet,genuine,-0.02,0.01,0.02334
facenet,genuine,0.01,0.04,0.0817
facenet,genuine,0.04,0.07,0.11671
facenet,genuine,0.07,0.1,0.14006
facenet,genuine,0.1,0.13,0.15173
facenet,genuine,0.13,0.16,0.21008
facenet,genuine,0.16,0.19,0.19841
facenet,genuine,0.19,0.22,0.21008
facenet,genuine,0.22,0.25,0.37348
facenet,genuine,0.25,0.28,0.31513
facenet,genuine,0.28,0.31,0.36181
facenet,genuine,0.31,0.34,0.59524
facenet,genuine,0.34,0.37,0.54855
facenet,genuine,0.37,0.4,0.52521
facenet,genuine,0.4,0.43,0.52521
facenet,genuine,0.43,0.46,0.5719
facenet,genuine,0.46,0.49,0.71195
facenet,genuine,0.49,0.52,0.73529
facenet,genuine,0.52,0.55,0.81699
facenet,genuine,0.55,0.58,0.88702
facenet,genuine,0.58,0.61,0.82866
facenet,genuine,0.61,0.64,1.22549
facenet,genuine,0.64,0.67,1.24883
facenet,genuine,0.67,0.7,1.47059
facenet,genuine,0.7,0.73,1.23716
facenet,genuine,0.73,0.76,1.49393
facenet,genuine,0.76,0.79,1.73903
facenet,genuine,0.79,0.82,1.9141
facenet,genuine,0.82,0.85,2.25257
facenet,genuine,0.85,0.88,2.26424
facenet,genuine,0.88,0.91,2.80112
facenet,genuine,0.91,0.94,2.67274
facenet,genuine,0.94,0.97,2.57937
facenet,genuine,0.97,1.0,1.37722
facenet,impostor,-0.2,-0.17,0.08907
facenet,impostor,-0.17,-0.14,0.12909
facenet,impostor,-0.14,-0.11,0.18202
facenet,impostor,-0.11,-0.08,0.30852
facenet,impostor,-0.08,-0.05,0.42599
facenet,impostor,-0.05,-0.02,0.54476
facenet,impostor,-0.02,0.01,0.64286
facenet,impostor,0.01,0.04,0.73581
facenet,impostor,0.04,0.07,1.00302
facenet,impostor,0.07,0.1,1.10629
facenet,impostor,0.1,0.13,1.26765
facenet,impostor,0.13,0.16,1.36447
facenet,impostor,0.16,0.19,1.61619
facenet,impostor,0.19,0.22,1.67428
facenet,impostor,0.22,0.25,1.82274
facenet,impostor,0.25,0.28,1.86404
facenet,impostor,0.28,0.31,1.83564
facenet,impostor,0.31,0.34,1.90793
facenet,impostor,0.34,0.37,1.79821
facenet,impostor,0.37,0.4,1.74915
facenet,impostor,0.4,0.43,1.69494
facenet,impostor,0.43,0.46,1.5439
facenet,impostor,0.46,0.49,1.41352
facenet,impostor,0.49,0.52,1.20956
facenet,impostor,0.52,0.55,1.13211
facenet,impostor,0.55,0.58,0.98108
facenet,impostor,0.58,0.61,0.78873
facenet,impostor,0.61,0.64,0.66739
facenet,impostor,0.64,0.67,0.52797
facenet,impostor,0.67,0.7,0.40147
facenet,impostor,0.7,0.73,0.31498
facenet,impostor,0.73,0.76,0.21687
facenet,impostor,0.76,0.79,0.15749
facenet,impostor,0.79,0.82,0.09036
facenet,impostor,0.82,0.85,0.06325
facenet,impostor,0.85,0.88,0.04002
facenet,impostor,0.88,0.91,0.01549
facenet,impostor,0.91,0.94,0.00516
facenet,impostor,0.94,0.97,0.00129
facenet,impostor,0.97,1.0,0.0
arcface,genuine,-0.2,-0.17,0.0
arcface,genuine,-0.17,-0.14,0.0
arcface,genuine,-0.14,-0.11,0.0
arcface,genuine,-0.11,-0.08,0.0
arcface,genuine,-0.08,-0.05,0.0
arcface,genuine,-0.05,-0.02,0.19841
arcface,genuine,-0.02,0.01,0.25677
arcface,genuine,0.01,0.04,0.44351
arcface,genuine,0.04,0.07,0.43184
arcface,genuine,0.07,0.1,0.46685
arcface,genuine,0.1,0.13,0.37348
arcface,genuine,0.13,0.16,0.53688
arcface,genuine,0.16,0.19,0.4902
arcface,genuine,0.19,0.22,0.56022
arcface,genuine,0.22,0.25,0.73529
arcface,genuine,0.25,0.28,0.92204
arcface,genuine,0.28,0.31,0.88702
arcface,genuine,0.31,0.34,0.85201
arcface,genuine,0.34,0.37,0.98039
arcface,genuine,0.37,0.4,1.22549
arcface,genuine,0.4,0.43,1.03875
arcface,genuine,0.43,0.46,1.06209
arcface,genuine,0.46,0.49,1.15546
arcface,genuine,0.49,0.52,1.16713
arcface,genuine,0.52,0.55,1.31886
arcface,genuine,0.55,0.58,1.2605
arcface,genuine,0.58,0.61,1.48226
arcface,genuine,0.61,0.64,1.48226
arcface,genuine,0.64,0.67,1.5056
arcface,genuine,0.67,0.7,1.51727
arcface,genuine,0.7,0.73,1.48226
arcface,genuine,0.73,0.76,1.03875
arcface,genuine,0.76,0.79,1.22549
arcface,genuine,0.79,0.82,1.21382
arcface,genuine,0.82,0.85,1.19048
arcface,genuine,0.85,0.88,1.44725
arcface,genuine,0.88,0.91,1.41223
arcface,genuine,0.91,0.94,0.98039
arcface,genuine,0.94,0.97,0.72362
arcface,genuine,0.97,1.0,0.26844
arcface,impostor,-0.2,-0.17,0.00257
arcface,impostor,-0.17,-0.14,0.01544
arcface,impostor,-0.14,-0.11,0.06178
arcface,impostor,-0.11,-0.08,0.18018
arcface,impostor,-0.08,-0.05,0.50064
arcface,impostor,-0.05,-0.02,1.01416
arcface,impostor,-0.02,0.01,1.89318
arcface,impostor,0.01,0.04,2.7529
arcface,impostor,0.04,0.07,3.31918
arcface,impostor,0.07,0.1,3.46203
arcface,impostor,0.1,0.13,3.27284
arcface,impostor,0.13,0.16,2.93308
arcface,impostor,0.16,0.19,2.51737
arcface,impostor,0.19,0.22,1.99614
arcface,impostor,0.22,0.25,1.72973
arcface,impostor,0.25,0.28,1.4453
arcface,impostor,0.28,0.31,1.22265
arcface,impostor,0.31,0.34,1.07722
arcface,impostor,0.34,0.37,0.89447
arcface,impostor,0.37,0.4,0.75032
arcface,impostor,0.4,0.43,0.60232
arcface,impostor,0.43,0.46,0.53282
arcface,impostor,0.46,0.49,0.3758
arcface,impostor,0.49,0.52,0.28958
arcface,impostor,0.52,0.55,0.18404
arcface,impostor,0.55,0.58,0.10553
arcface,impostor,0.58,0.61,0.07851
arcface,impostor,0.61,0.64,0.04376
arcface,impostor,0.64,0.67,0.03732
arcface,impostor,0.67,0.7,0.01673
arcface,impostor,0.7,0.73,0.01416
arcface,impostor,0.73,0.76,0.00644
arcface,impostor,0.76,0.79,0.00386
arcface,impostor,0.79,0.82,0.0
arcface,impostor,0.82,0.85,0.00129
arcface,impostor,0.85,0.88,0.0
arcface,impostor,0.88,0.91,0.0
arcface,impostor,0.91,0.94,0.0
arcface,impostor,0.94,0.97,0.0
arcface,impostor,0.97,1.0,0.0
